Workbook

Sheet Attendance Sheet
A1: `
A2: Subject Title : Web
A3: Subject Code : WEB002
A4: Lecturer: Nitan Thapa
A5: S.NO | B5: Batch | C5: Name | D5: Edu Email Id | E5: Week 1 | H5: Week 2 | K5: Week 3 | N5: Week 4 | Q5: Week 5 | T5: Week 6 | W5: Week 7 | Z5: Week 8 | AC5: Week 9 | AF5: Week 10 | AI5: Week 11 | AL5: Week 12 | AM5: Total Present | AN5: Total Absent | AO5: Total Late | AP5: Total Present with Late | AQ5: Total Classes | AR5: Total Present in Percentage (%)
E6: L | F6: T | G6: W | H6: L | I6: T | J6: W | K6: L | L6: T | M6: W | N6: L | O6: T | P6: W | Q6: L | R6: T | S6: W | T6: L | U6: T | V6: W | W6: L | X6: T | Y6: W | Z6: L | AA6: T | AB6: W | AC6: L | AD6: T | AE6: W | AF6: L | AG6: T | AH6: W | AI6: L | AJ6: T | AK6: W | AL6: L
A7: Date | E7: 45963 | F7: 45965 | G7: 45967 | H7: 45970 | I7: 45972 | J7: 45974 | K7: 45977 | L7: 45979 | M7: 45981 | N7: 45984 | O7: 45986 | P7: 45991 | Q7: 45993 | R7: 45998 | S7: 46000 | T7: 46002 | U7: 46005 | V7: 46007 | W7: 46009 | X7: 46012 | Y7: 46014 | Z7: 46019 | AA7: 46021 | AB7: 46026 | AC7: 46028 | AD7: 46030 | AE7: 46035 | AF7: 46042 | AG7: 46043
A8: 1 | B8: Autumn 2025 | C8: Aayush Sharma | D8: aayush_sharma_a25@sunway.edu.np | E8: Present | F8: Present | G8: Present | H8: Present | I8: Present | J8: Present | K8: Present | L8: Present | M8: Present | N8: Present | O8: Present | P8: Present | Q8: Present | R8: Present | S8: Present | T8: Present | U8: Present | V8: Present | W8: Present | X8: Present | Y8: Present | Z8: Present | AA8: Present | AB8: Present | AC8: Present | AD8: Present | AE8: Present | AF8: Present | AM8: =COUNTIF(E8:AL8,"Present") -> 28 | AN8: =COUNTIF(E8:AL8,"Absent") -> 0 | AO8: =COUNTIF(E8:AL8,"Late") -> 0 | AP8: =SUM(AM8+AO8) -> 28 | AQ8: =SUM(AP8+AN8) -> 28 | AR8: =AP8/AQ8*100 -> 100
A9: 2 | B9: Autumn 2025 | C9: Binita Rijal | D9: binita_rijal_a25@sunway.edu.np | E9: Present | F9: Present | G9: Present | H9: Present | I9: Present | J9: Present | K9: Absent | L9: Present | M9: Present | N9: Present | O9: Present | P9: Present | Q9: Present | R9: Present | S9: Present | T9: Present | U9: Present | V9: Absent | W9: Present | X9: Present | Y9: Present | Z9: Present | AA9: Present | AB9: Present | AC9: Present | AD9: Present | AE9: Present | AF9: Present | AM9: =COUNTIF(E9:AL9,"Present") -> 26 | AN9: =COUNTIF(E9:AL9,"Absent") -> 2 | AO9: =COUNTIF(E9:AL9,"Late") -> 0 | AP9: =SUM(AM9+AO9) -> 26 | AQ9: =SUM(AP9+AN9) -> 28 | AR9: =AP9/AQ9*100 -> 92.857143
A10: 3 | B10: Autumn 2025 | C10: Chirag Gautam | D10: chirag_gautam_a25@sunway.edu.np | E10: Present | F10: Absent | G10: Present | H10: Present | I10: Present | J10: Absent | K10: Present | L10: Present | M10: Absent | N10: Absent | O10: Present | P10: Present | Q10: Absent | R10: Present | S10: Present | T10: Present | U10: Present | V10: Present | W10: Present | X10: Present | Y10: Present | Z10: Present | AA10: Present | AB10: Present | AC10: Present | AD10: Present | AE10: Present | AF10: Present | AM10: =COUNTIF(E10:AL10,"Present") -> 23 | AN10: =COUNTIF(E10:AL10,"Absent") -> 5 | AO10: =COUNTIF(E10:AL10,"Late") -> 0 | AP10: =SUM(AM10+AO10) -> 23 | AQ10: =SUM(AP10+AN10) -> 28 | AR10: =AP10/AQ10*100 -> 82.142857
A11: 4 | B11: Autumn 2025 | C11: Dinesh Kunwar | D11: dinesh_kunwar_a25@sunway.edu.np | E11: Absent | F11: Present | G11: Present | H11: Present | I11: Present | J11: Present | K11: Present | L11: Present | M11: Present | N11: Present | O11: Absent | P11: Present | Q11: Present | R11: Present | S11: Present | T11: Present | U11: Absent | V11: Present | W11: Present | X11: Absent | Y11: Present | Z11: Present | AA11: Present | AB11: Present | AC11: Present | AD11: Present | AE11: Present | AF11: Present | AM11: =COUNTIF(E11:AL11,"Present") -> 24 | AN11: =COUNTIF(E11:AL11,"Absent") -> 4 | AO11: =COUNTIF(E11:AL11,"Late") -> 0 | AP11: =SUM(AM11+AO11) -> 24 | AQ11: =SUM(AP11+AN11) -> 28 | AR11: =AP11/AQ11*100 -> 85.714286
A12: 5 | B12: Autumn 2025 | C12: Elina Bista | D12: elina_bista_a25@sunway.edu.np | E12: Present | F12: Present | G12: Present | H12: Present | I12: Absent | J12: Present | K12: Absent | L12: Present | M12: Present | N12: Absent | O12: Present | P12: Present | Q12: Present | R12: Present | S12: Present | T12: Present | U12: Present | V12: Present | W12: Present | X12: Present | Y12: Present | Z12: Present | AA12: Absent | AB12: Present | AC12: Present | AD12: Present | AE12: Present | AF12: Present | AM12: =COUNTIF(E12:AL12,"Present") -> 24 | AN12: =COUNTIF(E12:AL12,"Absent") -> 4 | AO12: =COUNTIF(E12:AL12,"Late") -> 0 | AP12: =SUM(AM12+AO12) -> 24 | AQ12: =SUM(AP12+AN12) -> 28 | AR12: =AP12/AQ12*100 -> 85.714286
A13: 6 | B13: Autumn 2025 | C13: Firoj Ansari | D13: firoj_ansari_a25@sunway.edu.np | E13: Absent | F13: Present | G13: Present | H13: Present | I13: Absent | J13: Present | K13: Present | L13: Present | M13: Present | N13: Present | O13: Present | P13: Present | Q13: Absent | R13: Present | S13: Present | T13: Present | U13: Absent | V13: Present | W13: Present | X13: Present | Y13: Present | Z13: Present | AA13: Present | AB13: Present | AC13: Absent | AD13: Present | AE13: Present | AF13: Present | AM13: =COUNTIF(E13:AL13,"Present") -> 23 | AN13: =COUNTIF(E13:AL13,"Absent") -> 5 | AO13: =COUNTIF(E13:AL13,"Late") -> 0 | AP13: =SUM(AM13+AO13) -> 23 | AQ13: =SUM(AP13+AN13) -> 28 | AR13: =AP13/AQ13*100 -> 82.142857
A14: 7 | B14: Autumn 2025 | C14: Gaurav Kafle | D14: gaurav_kafle_a25@sunway.edu.np | E14: Present | F14: Present | G14: Present | H14: Present | I14: Present | J14: Present | K14: Present | L14: Present | M14: Present | N14: Present | O14: Present | P14: Absent | Q14: Present | R14: Present | S14: Present | T14: Absent | U14: Present | V14: Present | W14: Absent | X14: Present | Y14: Present | Z14: Present | AA14: Present | AB14: Present | AC14: Present | AD14: Present | AE14: Present | AF14: Present | AM14: =COUNTIF(E14:AL14,"Present") -> 25 | AN14: =COUNTIF(E14:AL14,"Absent") -> 3 | AO14: =COUNTIF(E14:AL14,"Late") -> 0 | AP14: =SUM(AM14+AO14) -> 25 | AQ14: =SUM(AP14+AN14) -> 28 | AR14: =AP14/AQ14*100 -> 89.285714
A15: 8 | B15: Autumn 2025 | C15: Hema Lama | D15: hema_lama_a25@sunway.edu.np | E15: Absent | F15: Absent | G15: Absent | H15: Absent | I15: Present | J15: Absent | K15: Present | L15: Present | M15: Present | N15: Present | O15: Absent | P15: Present | Q15: Present | R15: Present | S15: Present | T15: Present | U15: Absent | V15: Absent | W15: Absent | X15: Present | Y15: Present | Z15: Present | AA15: Present | AB15: Present | AC15: Present | AD15: Present | AE15: Absent | AF15: Absent | AM15: =COUNTIF(E15:AL15,"Present") -> 17 | AN15: =COUNTIF(E15:AL15,"Absent") -> 11 | AO15: =COUNTIF(E15:AL15,"Late") -> 0 | AP15: =SUM(AM15+AO15) -> 17 | AQ15: =SUM(AP15+AN15) -> 28 | AR15: =AP15/AQ15*100 -> 60.714286
A16: 9 | B16: Autumn 2025 | C16: Ishan Koirala | D16: ishan_koirala_a25@sunway.edu.np | E16: Absent | F16: Absent | G16: Absent | H16: Present | I16: Absent | J16: Absent | K16: Absent | L16: Absent | M16: Present | N16: Present | O16: Absent | P16: Present | Q16: Present | R16: Present | S16: Present | T16: Present | U16: Absent | V16: Present | W16: Present | X16: Present | Y16: Present | Z16: Present | AA16: Present | AB16: Present | AC16: Present | AD16: Present | AE16: Present | AF16: Present | AM16: =COUNTIF(E16:AL16,"Present") -> 19 | AN16: =COUNTIF(E16:AL16,"Absent") -> 9 | AO16: =COUNTIF(E16:AL16,"Late") -> 0 | AP16: =SUM(AM16+AO16) -> 19 | AQ16: =SUM(AP16+AN16) -> 28 | AR16: =AP16/AQ16*100 -> 67.857143
A17: 10 | B17: Autumn 2025 | C17: Juna Khadgi | D17: juna_khadgi_a25@sunway.edu.np | E17: Present | F17: Present | G17: Present | H17: Present | I17: Present | J17: Present | K17: Present | L17: Present | M17: Present | N17: Present | O17: Present | P17: Present | Q17: Present | R17: Present | S17: Present | T17: Present | U17: Present | V17: Present | W17: Present | X17: Present | Y17: Present | Z17: Present | AA17: Present | AB17: Absent | AC17: Present | AD17: Present | AE17: Present | AF17: Present | AM17: =COUNTIF(E17:AL17,"Present") -> 27 | AN17: =COUNTIF(E17:AL17,"Absent") -> 1 | AO17: =COUNTIF(E17:AL17,"Late") -> 0 | AP17: =SUM(AM17+AO17) -> 27 | AQ17: =SUM(AP17+AN17) -> 28 | AR17: =AP17/AQ17*100 -> 96.428571
A18: 11 | B18: Autumn 2025 | C18: Kamal Rokaya | D18: kamal_rokaya_a25@sunway.edu.np | E18: Absent | F18: Absent | G18: Absent | H18: Present | I18: Present | J18: Present | K18: Present | L18: Present | M18: Present | N18: Present | O18: Present | P18: Absent | Q18: Present | R18: Present | S18: Present | T18: Present | U18: Present | V18: Present | W18: Present | X18: Present | Y18: Present | Z18: Present | AA18: Present | AB18: Present | AC18: Present | AD18: Present | AE18: Absent | AF18: Present | AM18: =COUNTIF(E18:AL18,"Present") -> 23 | AN18: =COUNTIF(E18:AL18,"Absent") -> 5 | AO18: =COUNTIF(E18:AL18,"Late") -> 0 | AP18: =SUM(AM18+AO18) -> 23 | AQ18: =SUM(AP18+AN18) -> 28 | AR18: =AP18/AQ18*100 -> 82.142857
A19: 12 | B19: Autumn 2025 | C19: Lalita Budhathoki | D19: lalita_budhathoki_a25@sunway.edu.np | E19: Absent | F19: Absent | G19: Present | H19: Present | I19: Present | J19: Present | K19: Present | L19: Present | M19: Present | N19: Present | O19: Present | P19: Present | Q19: Present | R19: Present | S19: Present | T19: Present | U19: Absent | V19: Present | W19: Present | X19: Present | Y19: Present | Z19: Present | AA19: Present | AB19: Present | AC19: Present | AD19: Present | AE19: Present | AF19: Present | AM19: =COUNTIF(E19:AL19,"Present") -> 25 | AN19: =COUNTIF(E19:AL19,"Absent") -> 3 | AO19: =COUNTIF(E19:AL19,"Late") -> 0 | AP19: =SUM(AM19+AO19) -> 25 | AQ19: =SUM(AP19+AN19) -> 28 | AR19: =AP19/AQ19*100 -> 89.285714
... A36: 29 | B36: Autumn 2025 | C36: Jeevan Giri | D36: jeevan_giri_a25@sunway.edu.np | E36: Absent | F36: Present | G36: Present | H36: Present | I36: Present | J36: Present | K36: Present | L36: Present | M36: Present | N36: Present | O36: Present | P36: Present | Q36: Present | R36: Present | S36: Present | T36: Absent | U36: Present | V36: Absent | W36: Present | X36: Present | Y36: Present | Z36: Present | AA36: Present | AB36: Present | AC36: Present | AD36: Absent | AE36: Present | AF36: Present | AM36: =COUNTIF(E36:AL36,"Present") -> 24 | AN36: =COUNTIF(E36:AL36,"Absent") -> 4 | AO36: =COUNTIF(E36:AL36,"Late") -> 0 | AP36: =SUM(AM36+AO36) -> 24 | AQ36: =SUM(AP36+AN36) -> 28 | AR36: =AP36/AQ36*100 -> 85.714286
A37: 30 | B37: Autumn 2025 | C37: Kabita Chhetri | D37: kabita_chhetri_a25@sunway.edu.np | K37: Present | L37: Present | M37: Present | N37: Present | O37: Present | P37: Absent | Q37: Present | R37: Present | S37: Absent | T37: Present | U37: Present | V37: Present | W37: Present | X37: Present | Y37: Present | Z37: Present | AA37: Present | AB37: Present | AC37: Present | AD37: Present | AE37: Present | AF37: Present | AM37: =COUNTIF(E37:AL37,"Present") -> 20 | AN37: =COUNTIF(E37:AL37,"Absent") -> 2 | AO37: =COUNTIF(E37:AL37,"Late") -> 0 | AP37: =SUM(AM37+AO37) -> 20 | AQ37: =SUM(AP37+AN37) -> 22 | AR37: =AP37/AQ37*100 -> 90.909091
A38: 31 | B38: Autumn 2025 | C38: Lokesh Karki | D38: lokesh_karki_a25@sunway.edu.np | M38: Present | N38: Absent | O38: Present | P38: Absent | Q38: Present | R38: Present | S38: Present | T38: Present | U38: Present | V38: Present | W38: Present | X38: Present | Y38: Present | Z38: Absent | AA38: Present | AB38: Present | AC38: Present | AD38: Present | AE38: Present | AF38: Present | AM38: =COUNTIF(E38:AL38,"Present") -> 17 | AN38: =COUNTIF(E38:AL38,"Absent") -> 3 | AO38: =COUNTIF(E38:AL38,"Late") -> 0 | AP38: =SUM(AM38+AO38) -> 17 | AQ38: =SUM(AP38+AN38) -> 20 | AR38: =AP38/AQ38*100 -> 85
A39: 32 | B39: Autumn 2025 | C39: Mamata Shahi | D39: mamata_shahi_a25@sunway.edu.np | M39: Absent | N39: Present | O39: Present | P39: Present | Q39: Absent | R39: Present | S39: Absent | T39: Present | U39: Present | V39: Present | W39: Present | X39: Present | Y39: Present | Z39: Present | AA39: Present | AB39: Present | AC39: Absent | AD39: Present | AE39: Present | AF39: Present | AM39: =COUNTIF(E39:AL39,"Present") -> 16 | AN39: =COUNTIF(E39:AL39,"Absent") -> 4 | AO39: =COUNTIF(E39:AL39,"Late") -> 0 | AP39: =SUM(AM39+AO39) -> 16 | AQ39: =SUM(AP39+AN39) -> 20 | AR39: =AP39/AQ39*100 -> 80
A40: 33 | B40: Autumn 2025 | C40: Nawaraj Bista | D40: nawaraj_bista_a25@sunway.edu.np | E40: Present | F40: Present | G40: Present | H40: Present | I40: Present | J40: Present | K40: Present | L40: Present | M40: Present | N40: Present | O40: Present | P40: Present | Q40: Present | R40: Present | S40: Present | T40: Present | U40: Present | V40: Present | W40: Present | X40: Present | Y40: Present | Z40: Present | AA40: Present | AB40: Present | AC40: Present | AD40: Present | AE40: Present | AF40: Present | AM40: =COUNTIF(E40:AL40,"Present") -> 28 | AN40: =COUNTIF(E40:AL40,"Absent") -> 0 | AO40: =COUNTIF(E40:AL40,"Late") -> 0 | AP40: =SUM(AM40+AO40) -> 28 | AQ40: =SUM(AP40+AN40) -> 28 | AR40: =AP40/AQ40*100 -> 100
E41: =COUNTIF(E8:E40,"Present") -> 22 | F41: =COUNTIF(F8:F40,"Present") -> 23 | G41: =COUNTIF(G8:G40,"Present") -> 25 | H41: =COUNTIF(H8:H40,"Present") -> 27 | I41: =COUNTIF(I8:I40,"Present") -> 26 | J41: =COUNTIF(J8:J40,"Present") -> 25 | K41: =COUNTIF(K8:K40,"Present") -> 28 | L41: =COUNTIF(L8:L40,"Present") -> 29 | ... AR41: =COUNTIF(AR8:AR40,"Present") -> 0
AB43: 46043

Sheet Weekly Report
H1: CMP5367 - Artificial Intelligence and Machine Learning | K1: DIG5127-Database & Web Application Development | N1: CMP5332-Object Oriented Programming | Q1: Allover Percentange | R1: Parents/Guardains Email Id | S1: Percentange overall
A2: S.N | B2: Student Name | C2: Semester | D2: Intake | E2: Course | F2: Year | G2: Group | H2: Total Classes | I2: Total Present | J2: Present percentage | K2: Total Classes | L2: Total Present | M2: Present percentage | N2: Total Classes | O2: Total Present | P2: Present percentage
A3: 1 | B3: ='Attendance Sheet'!C8 -> Aayush Sharma | C3: 3rd | D3: S25 | E3: Bsc (Hons) Computer Science with Artifical Intelligence | F3: 2 | G3: C1 | H3: 3 | I3: 3 | J3: =I3/H3*100 -> 100 | K3: 3 | L3: 3 | M3: =L3/K3*100 -> 100 | N3: 3 | O3: 3 | P3: =O3/N3*100 -> 100 | Q3: =(P3+M3+J3)/3 -> 100 | S3: =TEXT(Q3,"0") -> 100
A4: 2 | B4: ='Attendance Sheet'!C9 -> Binita Rijal | C4: 3rd | D4: S25 | E4: Bsc (Hons) Computer Science with Artifical Intelligence | F4: 2 | G4: C1 | H4: 3 | I4: 3 | J4: =I4/H4*100 -> 100 | K4: 3 | L4: 3 | M4: =L4/K4*100 -> 100 | N4: 3 | O4: 3 | P4: =O4/N4*100 -> 100 | Q4: =(P4+M4+J4)/3 -> 100 | S4: =TEXT(Q4,"0") -> 100
A5: 3 | B5: ='Attendance Sheet'!C10 -> Chirag Gautam | C5: 3rd | D5: S25 | E5: Bsc (Hons) Computer Science with Artifical Intelligence | F5: 2 | G5: C1 | H5: 3 | I5: 3 | J5: =I5/H5*100 -> 100 | K5: 3 | L5: 3 | M5: =L5/K5*100 -> 100 | N5: 3 | O5: 3 | P5: =O5/N5*100 -> 100 | Q5: =(P5+M5+J5)/3 -> 100 | S5: =TEXT(Q5,"0") -> 100
A6: 4 | B6: ='Attendance Sheet'!C11 -> Dinesh Kunwar | C6: 3rd | D6: S25 | E6: Bsc (Hons) Computer Science with Artifical Intelligence | F6: 2 | G6: C1 | H6: 3 | I6: 3 | J6: =I6/H6*100 -> 100 | K6: 3 | L6: 3 | M6: =L6/K6*100 -> 100 | N6: 3 | O6: 3 | P6: =O6/N6*100 -> 100 | Q6: =(P6+M6+J6)/3 -> 100 | S6: =TEXT(Q6,"0") -> 100
A7: 5 | B7: ='Attendance Sheet'!C12 -> Elina Bista | C7: 3rd | D7: S25 | E7: Bsc (Hons) Computer Science with Artifical Intelligence | F7: 2 | G7: C1 | H7: 3 | I7: 3 | J7: =I7/H7*100 -> 100 | K7: 3 | L7: 3 | M7: =L7/K7*100 -> 100 | N7: 3 | O7: 3 | P7: =O7/N7*100 -> 100 | Q7: =(P7+M7+J7)/3 -> 100 | S7: =TEXT(Q7,"0") -> 100
A8: 6 | B8: ='Attendance Sheet'!C13 -> Firoj Ansari | C8: 3rd | D8: S25 | E8: Bsc (Hons) Computer Science with Artifical Intelligence | F8: 2 | G8: C1 | H8: 3 | I8: 2 | J8: =I8/H8*100 -> 66.666667 | K8: 3 | L8: 2 | M8: =L8/K8*100 -> 66.666667 | N8: 3 | O8: 1 | P8: =O8/N8*100 -> 33.333333 | Q8: =(P8+M8+J8)/3 -> 55.555556 | S8: =TEXT(Q8,"0") -> 56
A9: 7 | B9: ='Attendance Sheet'!C14 -> Gaurav Kafle | C9: 3rd | D9: S25 | E9: Bsc (Hons) Computer Science with Artifical Intelligence | F9: 2 | G9: C1 | H9: 3 | I9: 3 | J9: =I9/H9*100 -> 100 | K9: 3 | L9: 3 | M9: =L9/K9*100 -> 100 | N9: 3 | O9: 3 | P9: =O9/N9*100 -> 100 | Q9: =(P9+M9+J9)/3 -> 100 | S9: =TEXT(Q9,"0") -> 100
A10: 8 | B10: ='Attendance Sheet'!C15 -> Hema Lama | C10: 3rd | D10: S25 | E10: Bsc (Hons) Computer Science with Artifical Intelligence | F10: 2 | G10: C1 | H10: 3 | I10: 2 | J10: =I10/H10*100 -> 66.666667 | K10: 3 | L10: 3 | M10: =L10/K10*100 -> 100 | N10: 3 | O10: 2 | P10: =O10/N10*100 -> 66.666667 | Q10: =(P10+M10+J10)/3 -> 77.777778 | S10: =TEXT(Q10,"0") -> 78
A11: 9 | B11: ='Attendance Sheet'!C16 -> Ishan Koirala | C11: 3rd | D11: S25 | E11: Bsc (Hons) Computer Science with Artifical Intelligence | F11: 2 | G11: C1 | H11: 3 | I11: 1 | J11: =I11/H11*100 -> 33.333333 | K11: 3 | L11: 1 | M11: =L11/K11*100 -> 33.333333 | N11: 3 | O11: 1 | P11: =O11/N11*100 -> 33.333333 | Q11: =(P11+M11+J11)/3 -> 33.333333 | S11: =TEXT(Q11,"0") -> 33
A12: 10 | B12: ='Attendance Sheet'!C17 -> Juna Khadgi | C12: 3rd | D12: S25 | E12: Bsc (Hons) Computer Science with Artifical Intelligence | F12: 2 | G12: C1 | H12: 3 | I12: 3 | J12: =I12/H12*100 -> 100 | K12: 3 | L12: 3 | M12: =L12/K12*100 -> 100 | N12: 3 | O12: 3 | P12: =O12/N12*100 -> 100 | Q12: =(P12+M12+J12)/3 -> 100 | S12: =TEXT(Q12,"0") -> 100
A13: 11 | B13: ='Attendance Sheet'!C18 -> Kamal Rokaya | C13: 3rd | D13: S25 | E13: Bsc (Hons) Computer Science with Artifical Intelligence | F13: 2 | G13: C1 | H13: 3 | I13: 3 | J13: =I13/H13*100 -> 100 | K13: 3 | L13: 3 | M13: =L13/K13*100 -> 100 | N13: 3 | O13: 3 | P13: =O13/N13*100 -> 100 | Q13: =(P13+M13+J13)/3 -> 100 | S13: =TEXT(Q13,"0") -> 100
A14: 12 | B14: ='Attendance Sheet'!C19 -> Lalita Budhathoki | C14: 3rd | D14: S25 | E14: Bsc (Hons) Computer Science with Artifical Intelligence | F14: 2 | G14: C1 | H14: 3 | I14: 3 | J14: =I14/H14*100 -> 100 | K14: 3 | L14: 3 | M14: =L14/K14*100 -> 100 | N14: 3 | O14: 3 | P14: =O14/N14*100 -> 100 | Q14: =(P14+M14+J14)/3 -> 100 | S14: =TEXT(Q14,"0") -> 100
... A35: 33 | B35: ='Attendance Sheet'!C40 -> Nawaraj Bista | C35: 3rd | D35: S33 | E35: Bsc (Hons) Computer Science with Artifical Intelligence | F35: 2 | G35: C1 | H35: 3 | I35: 3 | J35: =I35/H35*100 -> 100 | K35: 3 | L35: 3 | M35: =L35/K35*100 -> 100 | N35: 3 | O35: 3 | P35: =O35/N35*100 -> 100 | Q35: =(P35+M35+J35)/3 -> 100 | S35: =TEXT(Q35,"0") -> 100
